<html xmlns:Ej2="https://aulavirtual3.educa.madrid.org/ies.lagunadejoatzel.getafe/mod/assign/view.php?id=71133">
  <head><title>Book Review</title></head>
  <body>
    <Ej2:bookreview>
      <Ej2:title>Introducción a XML</Ej2:title>
      <table>
        <tr align="center">
          <td>Author</td>
          <td>Price</td>
          <td>Pages</td>
          <td>Date</td>
        </tr>
        <tr align="left">
          <td><Ej2:author>Simon St. Laurent</Ej2:author></td>
          <td><Ej2:price>31.98</Ej2:price></td>
          <td><Ej2:pages>352</Ej2:pages></td>
          <td><Ej2:date>1998/01</Ej2:date></td>
        </tr>
      </table>
    </Ej2:bookreview>
  </body>
</html>
