<catalogo>
    <SistemaOperativo>
        <nombre>Windows 11</nombre>
        <version>21H2</version>
        <desarrollador>Microsoft</desarrollador>
        <url>https://www.microsoft.com/windows</url>
    </SistemaOperativo>
    <SistemaOperativo>
        <nombre>Ubuntu</nombre>
        <version>22.04</version>
        <desarrollador>Canonical</desarrollador>
        <url>https://ubuntu.com/</url>
    </SistemaOperativo>
    <SistemaOperativo>
        <nombre>Mint</nombre>
        <version>21.3</version>
        <desarrollador>Linux Mint Team</desarrollador>
        <url>https://linuxmint.com/</url>
    </SistemaOperativo>
    <Office>
        <nombre>Word</nombre>
        <version>2021</version>
        <desarrollador>Microsoft</desarrollador>
        <url>https://www.microsoft.com/word</url>
    </Office>
    <Office>
        <nombre>LibreOffice</nombre>
        <version>7.5</version>
        <desarrollador>The Document Foundation</desarrollador>
        <url>https://www.libreoffice.org/</url>
    </Office>
    <Office>
        <nombre>Docs</nombre>
        <version></version>
        <desarrollador>Google</desarrollador>
        <url>https://docs.google.com/</url>
    </Office>
</catalogo>